City_ID,City,Country,Date,Lat,Lng,Max Temp,Humidity,Cloudiness,Wind Speed
0,Georgetown,MY,2020-04-16 07:05:41,5.41,100.34,91.4,59,20,5.82
1,Avarua,CK,2020-04-16 07:03:25,-21.21,-159.78,75.2,78,95,3.36
2,Karla,EE,2020-04-16 07:05:41,59.37,24.93,41.0,93,90,14.99
3,Muzhi,RU,2020-04-16 07:05:41,65.37,64.67,29.59,98,100,13.38
4,Bluff,NZ,2020-04-16 07:05:42,-46.6,168.33,50.0,85,95,10.0
5,Belaya Gora,RU,2020-04-16 07:05:42,68.53,146.42,7.36,92,100,11.27
6,Torbay,CA,2020-04-16 07:05:16,47.67,-52.73,35.01,100,90,13.87
7,Castro,BR,2020-04-16 07:05:43,-24.79,-50.01,44.96,51,0,2.35
8,Upernavik,GL,2020-04-16 07:05:43,72.79,-56.15,18.95,87,100,4.65
9,Viedma,AR,2020-04-16 07:05:43,-40.81,-63.0,62.94,44,99,17.31
10,Jamestown,US,2020-04-16 07:05:43,42.1,-79.24,28.99,92,20,4.7
11,Rikitea,PF,2020-04-16 07:05:44,-23.12,-134.97,76.39,84,100,12.91
12,Rawlins,US,2020-04-16 07:05:44,41.79,-107.24,28.4,85,90,20.8
13,Mahebourg,MU,2020-04-16 07:05:44,-20.41,57.7,82.4,65,75,16.11
14,Campobello Di Licata,IT,2020-04-16 07:05:44,37.26,13.92,55.4,82,93,3.36
15,Saint-Philippe,RE,2020-04-16 07:05:45,-21.36,55.77,82.4,61,6,24.16
16,Ercis,TR,2020-04-16 07:05:45,39.03,43.36,53.6,37,75,8.05
17,Port Elizabeth,ZA,2020-04-16 07:05:45,-33.92,25.57,62.6,82,94,12.75
18,Porbandar,IN,2020-04-16 07:05:46,21.64,69.61,89.35,41,38,13.09
19,Coos Bay,US,2020-04-16 07:05:46,43.37,-124.22,50.0,93,90,6.93
20,Port Lincoln,AU,2020-04-16 07:05:46,-34.73,135.87,61.7,59,68,15.7
21,Kardla,EE,2020-04-16 07:05:46,59.0,22.75,39.0,86,75,24.0
22,Hobart,AU,2020-04-16 07:03:32,-42.88,147.33,57.2,41,40,19.46
23,Krasnoarmeyskoye,RU,2020-04-16 07:05:47,52.72,50.03,42.8,62,85,11.74
24,Port Alfred,ZA,2020-04-16 07:01:11,-33.59,26.89,68.0,75,79,3.0
25,Ushuaia,AR,2020-04-16 07:05:47,-54.8,-68.3,44.6,87,95,4.43
26,Le Port,RE,2020-04-16 07:05:48,-20.94,55.29,82.4,61,0,23.04
27,Airai,TL,2020-04-16 07:05:48,-8.93,125.41,65.57,74,100,1.9
28,Busselton,AU,2020-04-16 07:01:16,-33.65,115.33,71.01,33,21,7.31
29,Punta Arenas,CL,2020-04-16 07:04:36,-53.15,-70.92,46.4,81,40,5.82
30,Prieska,ZA,2020-04-16 07:05:49,-29.66,22.75,62.35,21,3,2.62
31,Constitucion,CL,2020-04-16 07:05:49,-35.33,-72.42,52.86,69,72,3.56
32,Cabedelo,BR,2020-04-16 07:05:49,-6.98,-34.83,75.2,100,40,4.7
33,Moree,AU,2020-04-16 07:05:50,-29.47,149.85,86.0,25,15,8.05
34,Provideniya,RU,2020-04-16 07:05:50,64.38,-173.3,30.2,92,90,13.42
35,Diplo,PK,2020-04-16 07:05:50,24.47,69.58,98.91,23,53,18.19
36,Saint-Georges,GD,2020-04-16 07:05:51,12.06,-61.75,78.8,78,20,6.93
37,Cidreira,BR,2020-04-16 07:05:51,-30.18,-50.21,61.79,66,29,18.34
38,Padang,ID,2020-04-16 07:05:51,-0.95,100.35,83.64,78,82,6.98
39,Mataura,NZ,2020-04-16 07:05:51,-46.19,168.86,50.0,85,88,10.0
40,Khatanga,RU,2020-04-16 07:05:51,71.97,102.5,10.4,91,12,7.99
41,Nouadhibou,MR,2020-04-16 07:05:52,20.93,-17.03,64.4,88,73,13.87
42,Rosa Zarate,EC,2020-04-16 07:04:33,0.33,-79.47,75.04,90,99,1.32
43,Lewistown,US,2020-04-16 07:05:52,40.6,-77.57,42.01,80,90,6.93
44,Dikson,RU,2020-04-16 07:05:53,73.51,80.55,14.38,90,76,5.73
45,East London,ZA,2020-04-16 07:05:53,-33.02,27.91,66.2,63,54,8.05
46,Ilulissat,GL,2020-04-16 07:05:53,69.22,-51.1,28.4,79,75,3.36
47,Batticaloa,LK,2020-04-16 07:05:54,7.71,81.69,89.96,54,36,6.13
48,Beringovskiy,RU,2020-04-16 07:05:54,63.05,179.32,28.18,98,100,9.1
49,Sechura,PE,2020-04-16 07:05:54,-5.56,-80.82,73.49,75,90,10.04
50,Fairview,US,2020-04-16 07:02:12,40.81,-74.0,48.2,36,20,5.82
51,Fortuna,US,2020-04-16 07:05:55,40.6,-124.16,51.01,100,90,6.93
52,Ribeira Grande,PT,2020-04-16 07:05:55,38.52,-28.7,55.4,66,20,4.7
53,Hovd,MN,2020-04-16 07:05:55,48.01,91.64,52.38,26,90,5.86
54,Clyde River,CA,2020-04-16 07:03:08,70.47,-68.59,5.0,92,90,18.34
55,Kavieng,PG,2020-04-16 07:05:56,-2.57,150.8,83.77,68,98,5.46
56,Guantanamo,CU,2020-04-16 07:05:56,20.14,-75.21,78.8,83,20,4.7
57,Hithadhoo,MV,2020-04-16 07:05:56,-0.6,73.08,85.12,69,43,5.73
58,Cape Town,ZA,2020-04-16 07:01:54,-33.93,18.42,62.01,87,75,4.7
59,Severo-Kurilsk,RU,2020-04-16 07:05:57,50.68,156.12,32.77,92,100,14.2
60,Qaanaaq,GL,2020-04-16 07:05:57,77.48,-69.36,6.06,85,20,6.29
61,Ovalle,CL,2020-04-16 07:05:57,-30.6,-71.2,57.29,72,100,0.54
62,Atikokan,CA,2020-04-16 07:05:57,48.76,-91.62,20.37,89,90,6.78
63,Calbuco,CL,2020-04-16 07:05:58,-41.77,-73.13,55.4,93,90,20.8
64,Virden,US,2020-04-16 07:05:58,39.5,-89.77,30.99,79,1,6.24
65,Kapaa,US,2020-04-16 07:01:34,22.08,-159.32,75.2,83,75,12.75
66,Albany,US,2020-04-16 07:05:59,42.6,-73.97,35.01,80,90,4.7
67,Ciceu-Giurgesti,RO,2020-04-16 07:05:59,47.25,24.02,48.2,52,1,5.82
68,Isangel,VU,2020-04-16 07:05:59,-19.55,169.27,80.6,78,75,14.7
69,Acapulco,MX,2020-04-16 07:05:59,16.86,-99.89,75.2,88,40,2.91
70,Tasiilaq,GL,2020-04-16 07:03:05,65.61,-37.64,32.0,97,100,18.34
71,Kosonsoy,UZ,2020-04-16 07:06:00,41.26,71.55,60.8,51,61,6.93
72,Hermanus,ZA,2020-04-16 07:06:01,-34.42,19.23,60.01,85,0,3.0
73,Bredasdorp,ZA,2020-04-16 07:06:01,-34.53,20.04,60.01,76,0,5.82
74,Serik,TR,2020-04-16 07:06:01,36.92,31.1,68.0,34,75,10.29
75,Barrow,US,2020-04-16 07:02:27,71.29,-156.79,23.0,92,90,8.05
76,Lichinga,MZ,2020-04-16 07:06:01,-13.31,35.24,66.2,100,75,8.05
77,Peniche,PT,2020-04-16 07:06:02,39.36,-9.38,57.2,82,40,13.87
78,Itaituba,BR,2020-04-16 07:06:02,-4.28,-55.98,69.44,95,99,0.94
79,Aksarka,RU,2020-04-16 07:06:02,66.56,67.8,20.73,94,95,10.78
80,Vanimo,PG,2020-04-16 07:06:02,-2.67,141.3,84.7,73,77,5.19
81,Cravo Norte,CO,2020-04-16 07:06:03,6.3,-70.2,82.94,44,87,2.98
82,Coquimbo,CL,2020-04-16 07:06:03,-29.95,-71.34,57.2,76,100,5.82
83,Butaritari,KI,2020-04-16 07:06:03,3.07,172.79,82.96,80,81,16.13
84,Saskylakh,RU,2020-04-16 07:06:04,71.92,114.08,2.93,92,100,5.73
85,Atuona,PF,2020-04-16 07:06:04,-9.8,-139.03,82.72,73,85,11.3
86,Chuy,UY,2020-04-16 07:06:04,-33.7,-53.46,64.04,79,73,17.65
87,Chifeng,CN,2020-04-16 07:03:03,42.27,118.96,51.85,44,100,19.26
88,Nikolskoye,RU,2020-04-16 07:06:05,59.7,30.79,37.0,93,90,6.71
89,New Norfolk,AU,2020-04-16 07:06:05,-42.78,147.06,57.2,41,40,19.46
90,Arraial Do Cabo,BR,2020-04-16 07:06:05,-22.97,-42.03,75.7,83,100,4.99
91,Banfora,BF,2020-04-16 07:06:05,10.63,-4.77,79.86,44,20,3.74
92,Boyolangu,ID,2020-04-16 07:06:06,-8.12,111.89,88.18,62,9,0.92
93,Norman Wells,CA,2020-04-16 07:03:11,65.28,-126.83,33.8,69,75,2.24
94,Tripoli,LY,2020-04-16 07:01:28,32.88,13.19,63.55,84,100,10.0
95,Tubuala,PA,2020-04-16 07:06:06,9.52,-79.03,78.62,82,51,7.31
96,Palauig,PH,2020-04-16 07:06:07,15.44,119.9,87.35,64,88,5.23
97,Hofn,IS,2020-04-16 07:03:05,64.25,-15.21,35.6,69,90,8.05
98,Coihaique,CL,2020-04-16 07:06:07,-45.58,-72.07,53.26,76,94,3.0
99,Seoul,KR,2020-04-16 07:03:32,37.57,126.98,73.4,25,1,5.82
100,Altay,CN,2020-04-16 07:01:35,47.87,88.12,53.24,30,100,6.82
101,Vaini,TO,2020-04-16 07:06:08,-21.2,-175.2,77.0,88,75,7.87
102,Wakkanai,JP,2020-04-16 07:02:32,45.41,141.67,42.8,60,40,11.41
103,Talnakh,RU,2020-04-16 07:06:08,69.49,88.4,15.8,61,2,13.42
104,Klaksvik,FO,2020-04-16 07:06:09,62.23,-6.59,42.8,75,23,2.24
105,Karratha,AU,2020-04-16 07:06:09,-20.74,116.85,93.2,40,75,10.49
106,Ketchikan,US,2020-04-16 07:04:48,55.34,-131.65,48.2,93,20,8.05
107,Qaqortoq,GL,2020-04-16 07:06:09,60.72,-46.03,32.0,98,90,9.17
108,Ponta Do Sol,PT,2020-04-16 07:06:10,32.67,-17.1,60.8,67,40,8.05
109,Saldanha,ZA,2020-04-16 07:06:10,-33.01,17.94,48.2,84,90,3.94
110,Sompeta,IN,2020-04-16 07:06:10,18.93,84.6,97.05,34,0,14.83
111,Ilebo,CD,2020-04-16 07:06:11,-4.32,20.58,78.69,69,92,1.43
112,Caravelas,BR,2020-04-16 07:06:11,-17.71,-39.25,77.23,85,97,3.29
113,Mar Del Plata,AR,2020-04-16 07:02:13,-38.0,-57.56,52.0,93,3,7.25
114,Necochea,AR,2020-04-16 07:06:11,-38.55,-58.74,49.33,78,0,2.26
115,Inhambane,MZ,2020-04-16 07:06:12,-23.86,35.38,80.6,83,40,8.39
116,Ende,ID,2020-04-16 07:05:29,-8.84,121.66,82.35,76,85,9.44
117,Daryapur,IN,2020-04-16 07:06:12,20.93,77.33,106.43,9,0,8.84
118,Tazovskiy,RU,2020-04-16 07:06:13,67.47,78.7,15.8,93,0,9.55
119,Chokurdakh,RU,2020-04-16 07:06:13,70.63,147.92,3.65,93,100,9.28
120,Souillac,MU,2020-04-16 07:06:14,-20.52,57.52,82.4,65,75,16.11
121,Cairns,AU,2020-04-16 07:06:14,-16.92,145.77,81.0,78,75,6.93
122,Diffa,NE,2020-04-16 07:06:14,13.32,12.61,79.41,21,0,11.36
123,Bereda,ES,2020-04-16 07:06:15,43.27,-7.54,54.0,87,76,2.24
124,Tiksi,RU,2020-04-16 07:06:15,71.69,128.87,0.7,91,100,11.34
125,Korla,CN,2020-04-16 07:06:16,41.76,86.15,69.71,22,100,0.38
126,Buraydah,SA,2020-04-16 07:06:18,26.33,43.98,69.8,40,0,6.93
127,Champerico,GT,2020-04-16 07:06:19,14.3,-91.92,82.51,75,50,4.34
128,Waddan,LY,2020-04-16 07:06:27,29.16,16.14,74.77,33,92,7.72
129,Yellowknife,CA,2020-04-16 07:06:28,62.46,-114.35,15.8,92,20,10.29
130,Sioux Lookout,CA,2020-04-16 07:06:28,50.1,-91.92,24.8,58,75,13.87
131,Sur,OM,2020-04-16 07:06:29,22.57,59.53,86.25,40,99,4.18
132,Ponta Delgada,PT,2020-04-16 07:03:28,37.73,-25.67,53.6,76,75,14.99
133,Geraldton,AU,2020-04-16 07:06:29,-28.77,114.6,78.8,44,52,17.22
134,Bageshwar,IN,2020-04-16 07:06:29,29.85,79.77,88.47,12,25,3.96
135,Puerto Ayora,EC,2020-04-16 07:06:30,-0.74,-90.35,80.01,86,73,4.0
136,Tieli,CN,2020-04-16 07:02:26,46.95,128.05,61.41,25,100,4.14
137,Santo Tomas,PH,2020-04-16 07:06:30,14.11,121.14,95.0,47,20,4.7
138,Ushtobe,KZ,2020-04-16 07:06:31,45.25,77.98,55.56,32,80,20.27
139,Strezhevoy,RU,2020-04-16 07:06:31,60.73,77.59,37.4,93,90,4.47
140,Keroka,KE,2020-04-16 07:06:31,-0.78,34.95,62.85,50,93,3.49
141,Douentza,ML,2020-04-16 07:06:31,15.0,-2.95,78.3,44,88,6.33
142,Karpathos,GR,2020-04-16 07:03:04,35.51,27.21,59.0,72,75,31.09
143,Illapel,CL,2020-04-16 07:06:32,-31.63,-71.17,57.4,60,97,0.96
144,Leningradskiy,RU,2020-04-16 07:06:32,69.38,178.42,19.06,96,100,6.31
145,Dongsheng,CN,2020-04-16 07:06:33,39.82,109.98,50.0,25,0,27.34
146,Fukue,JP,2020-04-16 07:06:35,32.69,128.84,66.2,42,75,10.29
147,General Roca,AR,2020-04-16 07:06:36,-39.03,-67.58,55.4,82,93,8.39
148,Nanortalik,GL,2020-04-16 07:06:36,60.14,-45.24,32.85,96,100,5.55
149,Hilo,US,2020-04-16 07:06:36,19.73,-155.09,73.4,78,20,3.36
150,Honiara,SB,2020-04-16 07:06:36,-9.43,159.95,86.0,74,75,4.7
151,Lagoa,PT,2020-04-16 07:03:04,39.05,-27.98,57.52,70,44,21.39
152,Carnarvon,AU,2020-04-16 07:06:38,-24.87,113.63,84.2,58,66,18.34
153,Manta,EC,2020-04-16 07:06:38,-0.95,-80.73,77.0,88,76,2.24
154,Volnovakha,UA,2020-04-16 07:04:34,47.6,37.5,48.0,100,36,11.01
155,Port Hardy,CA,2020-04-16 07:02:50,50.7,-127.42,42.8,100,40,4.7
156,Muros,ES,2020-04-16 07:06:39,42.78,-9.06,57.99,87,40,5.82
157,Kashi,CN,2020-04-16 07:06:40,39.45,75.98,73.4,16,49,8.95
158,Umm Kaddadah,SD,2020-04-16 07:06:41,13.6,26.69,74.41,11,0,20.31
159,Kyren,RU,2020-04-16 07:06:41,51.68,102.14,56.34,24,0,4.63
160,Dakar,SN,2020-04-16 07:02:52,14.69,-17.44,69.8,88,38,16.11
161,Aitape,PG,2020-04-16 07:06:41,-3.14,142.35,84.31,73,61,5.88
162,Karpogory,RU,2020-04-16 07:06:42,64.0,44.45,35.53,83,100,14.18
163,Makakilo City,US,2020-04-16 07:06:42,21.35,-158.09,78.8,83,20,3.36
164,Dingle,PH,2020-04-16 07:06:42,11.0,122.67,90.63,53,61,12.53
165,Morondava,MG,2020-04-16 07:06:43,-20.28,44.28,83.52,61,0,5.59
166,Santiago Del Estero,AR,2020-04-16 07:06:43,-27.8,-64.26,59.74,54,20,7.23
167,Denizli,TR,2020-04-16 07:06:43,37.84,29.07,48.2,81,75,2.24
168,Gornopravdinsk,RU,2020-04-16 07:06:44,60.05,69.9,45.86,68,0,4.07
169,Longyearbyen,SJ,2020-04-16 07:06:45,78.22,15.64,37.4,64,75,16.11
170,Kutum,SD,2020-04-16 07:06:45,14.2,24.67,67.1,12,0,9.86
171,Flinders,AU,2020-04-16 07:05:34,-34.58,150.86,84.2,30,100,17.22
172,Luderitz,NA,2020-04-16 07:05:59,-26.65,15.16,55.4,76,1,11.41
173,Banda Aceh,ID,2020-04-16 07:06:36,5.56,95.32,86.94,65,20,4.45
174,Ahipara,NZ,2020-04-16 07:06:46,-35.17,173.17,63.93,78,53,18.1
175,Kirakira,SB,2020-04-16 07:06:46,-10.45,161.92,83.89,72,98,8.05
176,Tomatlan,MX,2020-04-16 07:06:47,19.93,-105.25,67.62,54,17,4.32
177,Esperance,AU,2020-04-16 07:06:47,-33.87,121.9,66.2,55,90,8.05
178,Burnie,AU,2020-04-16 07:06:47,-41.07,145.92,60.01,38,32,18.01
179,Tagusao,PH,2020-04-16 07:06:48,9.19,117.81,85.78,64,36,4.23
180,Buluang,PH,2020-04-16 07:06:48,13.31,123.34,86.09,65,79,2.51
181,Yulara,AU,2020-04-16 07:06:48,-25.24,130.99,95.0,15,90,6.93
182,Koszalin,PL,2020-04-16 07:06:04,54.19,16.17,46.99,80,35,20.29
183,Les Cayes,HT,2020-04-16 07:06:49,18.2,-73.75,78.51,76,0,5.75
184,Avera,US,2020-04-16 07:06:49,33.19,-82.53,53.6,66,1,5.82
185,Walvis Bay,NA,2020-04-16 07:06:49,-22.96,14.51,57.0,87,0,9.17
186,Kodiak,US,2020-04-16 07:06:49,57.79,-152.41,44.6,81,90,3.36
187,Biak,ID,2020-04-16 07:06:50,-0.91,122.88,83.07,70,76,1.32
188,Sorong,ID,2020-04-16 07:06:28,-0.88,131.25,86.47,73,70,3.29
189,Bethel,US,2020-04-16 07:06:50,41.37,-73.41,48.2,41,90,8.05
190,Salinopolis,BR,2020-04-16 07:06:50,-0.61,-47.36,78.28,83,100,5.79
191,Kruisfontein,ZA,2020-04-16 07:06:51,-34.0,24.73,59.41,61,100,6.4
192,Carauari,BR,2020-04-16 07:06:53,-4.88,-66.9,72.1,91,65,2.51
193,Nome,US,2020-04-16 07:06:53,64.5,-165.41,34.0,96,90,4.7
194,Tilichiki,RU,2020-04-16 07:06:53,60.47,166.1,23.52,96,55,5.21
195,Paracuru,BR,2020-04-16 07:06:54,-3.41,-39.03,78.8,88,77,4.7
196,Indramayu,ID,2020-04-16 07:06:54,-6.33,108.32,86.92,64,11,4.56
197,Bahia Blanca,AR,2020-04-16 07:06:54,-38.72,-62.27,59.9,45,75,9.75
198,Hamilton,US,2020-04-16 07:06:54,39.18,-84.53,30.99,80,1,3.13
199,Lebyazhye,RU,2020-04-16 07:06:55,55.27,66.49,51.71,58,96,15.57
200,Iqaluit,CA,2020-04-16 07:06:55,63.75,-68.51,19.4,62,90,13.87
201,Yar-Sale,RU,2020-04-16 07:06:55,66.83,70.83,19.09,91,0,11.52
202,Manggar,ID,2020-04-16 07:06:55,-2.88,108.27,85.93,65,42,3.38
203,Meridian,US,2020-04-16 07:05:44,43.61,-116.39,46.4,65,21,10.29
204,Sept-Iles,CA,2020-04-16 07:03:09,50.2,-66.38,24.8,45,5,8.05
205,Meulaboh,ID,2020-04-16 07:06:56,4.14,96.13,86.47,67,55,4.25
206,Abu Samrah,SY,2020-04-16 07:06:57,35.3,37.18,66.22,31,64,5.48
207,La Palma,US,2020-04-16 07:06:57,33.85,-118.05,64.4,51,1,3.6
208,Halifax,CA,2020-04-16 07:04:31,44.65,-63.57,35.01,100,90,13.87
209,Markala,ML,2020-04-16 07:06:58,13.7,-6.07,79.41,46,81,6.58
210,Oussouye,SN,2020-04-16 07:06:58,12.48,-16.55,73.4,83,50,4.7
211,Pueblo,US,2020-04-16 07:06:58,38.25,-104.61,39.99,64,1,6.93
212,Broome,US,2020-04-16 07:06:58,42.25,-75.83,30.99,92,90,11.41
213,Shakawe,BW,2020-04-16 07:02:07,-18.37,21.85,72.88,39,63,4.72
214,Thompson,CA,2020-04-16 07:06:59,55.74,-97.86,5.0,71,5,5.82
215,Wagar,SD,2020-04-16 07:06:59,16.15,36.2,77.14,25,1,11.36
216,Teluk Nibung,ID,2020-04-16 07:07:00,3.0,99.82,85.46,70,67,3.42
217,Cassilandia,BR,2020-04-16 07:07:00,-19.11,-51.73,61.18,66,88,3.62
218,Urumqi,CN,2020-04-16 07:07:03,43.8,87.6,62.6,51,40,4.47
219,Tuktoyaktuk,CA,2020-04-16 07:03:07,69.45,-133.04,26.13,98,100,7.0
220,Bengkulu,ID,2020-04-16 07:07:03,-3.8,102.27,86.22,68,44,4.05
221,Vardo,NO,2020-04-16 07:07:04,70.37,31.11,30.2,74,100,2.24
222,Baghdad,IQ,2020-04-16 07:02:11,33.34,44.4,75.2,33,10,8.05
223,Sola,VU,2020-04-16 07:07:04,-13.88,167.55,80.6,94,90,12.91
224,Pevek,RU,2020-04-16 07:07:04,69.7,170.31,13.75,95,100,2.28
225,Andenes,NO,2020-04-16 07:07:05,69.31,16.12,30.2,86,20,10.29
226,Tumkur,IN,2020-04-16 07:07:05,13.34,77.1,91.0,25,20,8.05
227,Obo,CF,2020-04-16 07:07:05,5.4,26.49,77.22,50,71,1.32
228,Lavrentiya,RU,2020-04-16 07:07:05,65.58,-171.0,26.2,97,88,7.54
229,Bac Lieu,VN,2020-04-16 07:07:06,9.29,105.72,87.46,65,89,13.78
230,Baykit,RU,2020-04-16 07:07:06,61.67,96.37,45.18,81,93,3.15
231,Tuatapere,NZ,2020-04-16 07:07:08,-46.13,167.68,50.0,85,85,10.0
232,Barra Do Corda,BR,2020-04-16 07:07:08,-5.5,-45.25,70.97,93,95,2.73
233,Vila Franca Do Campo,PT,2020-04-16 07:07:08,37.72,-25.43,53.6,76,75,14.99
234,Begunitsy,RU,2020-04-16 07:07:08,59.59,29.32,35.6,93,90,6.71
235,Buala,SB,2020-04-16 07:07:09,-8.14,159.59,83.23,76,100,7.67
236,Marzuq,YE,2020-04-16 07:07:09,14.4,46.47,77.41,43,38,1.86
237,Nosy Varika,MG,2020-04-16 07:07:09,-20.58,48.53,77.76,79,35,2.37
238,Pacific Grove,US,2020-04-16 07:05:28,36.62,-121.92,55.99,87,90,3.36
239,Shimoda,JP,2020-04-16 07:07:09,34.67,138.95,63.0,63,75,11.41
240,Benalla,AU,2020-04-16 07:07:10,-36.55,145.98,75.2,36,40,16.11
241,Omboue,GA,2020-04-16 07:07:10,-1.57,9.26,81.14,86,100,5.61
242,Murdochville,CA,2020-04-16 07:04:06,48.96,-65.5,17.89,93,66,5.44
243,Shenjiamen,CN,2020-04-16 07:07:11,29.96,122.3,61.83,78,20,22.64
244,Candolim,IN,2020-04-16 07:07:11,15.52,73.76,92.57,51,70,6.69
245,Cherskiy,RU,2020-04-16 07:07:11,68.75,161.3,13.35,94,100,4.83
246,Dawei,MM,2020-04-16 07:07:12,14.08,98.2,88.43,59,93,9.17
247,Moradabad,IN,2020-04-16 07:07:23,28.83,78.78,102.76,11,12,1.57
248,Namatanai,PG,2020-04-16 07:07:24,-3.67,152.43,83.1,75,91,8.43
249,Tiznit,MA,2020-04-16 07:07:24,29.58,-9.5,57.34,63,0,0.85
250,Cayenne,GF,2020-04-16 07:07:24,4.93,-52.33,73.4,100,8,5.79
251,Otradnoye,RU,2020-04-16 07:07:25,59.78,30.82,37.0,93,90,6.71
252,Khorramshahr,IR,2020-04-16 07:07:26,30.44,48.17,80.6,34,1,4.7
253,Pisco,PE,2020-04-16 07:07:27,-13.7,-76.22,69.8,77,4,3.36
254,Deer Lake,CA,2020-04-16 07:07:27,49.17,-57.43,26.6,86,90,3.36
255,Betafo,MG,2020-04-16 07:07:27,-19.83,46.85,67.62,39,29,8.84
256,Kahului,US,2020-04-16 07:07:28,20.89,-156.47,73.4,73,1,9.17
257,Gvardeysk,RU,2020-04-16 07:07:28,54.65,21.07,48.2,76,75,26.84
258,Marawi,PH,2020-04-16 07:07:28,8.0,124.29,83.86,54,84,2.84
259,Bilma,NE,2020-04-16 07:06:08,18.69,12.92,80.51,13,43,5.68
260,Touros,BR,2020-04-16 07:07:29,-5.2,-35.46,75.2,100,75,3.36
261,North Platte,US,2020-04-16 07:07:29,41.12,-100.77,37.4,74,90,12.75
262,Carutapera,BR,2020-04-16 07:06:10,-1.2,-46.02,76.77,88,100,5.86
263,Olafsvik,IS,2020-04-16 07:07:30,64.89,-23.71,38.97,83,89,12.37
264,Lorengau,PG,2020-04-16 07:07:30,-2.02,147.27,84.52,67,85,3.2
265,Mandera,KE,2020-04-16 07:07:30,3.94,41.87,84.99,9,95,1.99
266,Kilindoni,TZ,2020-04-16 07:07:30,-7.91,39.67,81.57,82,90,16.49
267,Floro,NO,2020-04-16 07:07:31,61.6,5.03,41.0,75,40,20.8
268,San Cristobal,VE,2020-04-16 07:07:31,7.77,-72.22,66.43,55,30,1.07
269,Mount Juliet,US,2020-04-16 07:07:06,36.2,-86.52,45.0,60,1,6.93
270,Srednekolymsk,RU,2020-04-16 07:07:31,67.45,153.68,9.79,94,93,13.02
271,Zaoyang,CN,2020-04-16 07:05:43,32.13,112.75,80.8,38,57,13.76
272,Alexandria,EG,2020-04-16 07:03:35,31.22,29.96,66.2,72,40,16.11
273,Kaeo,NZ,2020-04-16 07:07:32,-35.1,173.78,59.0,89,58,5.01
274,Victoria,HK,2020-04-16 07:07:32,22.29,114.16,80.6,54,20,11.41
275,Manoel Urbano,BR,2020-04-16 07:07:33,-8.84,-69.26,69.12,92,100,3.33
276,Bonavista,CA,2020-04-16 07:07:33,48.65,-53.11,32.0,84,100,10.0
277,Tabou,CI,2020-04-16 07:07:33,4.42,-7.35,78.28,88,67,4.45
278,Ewo,CG,2020-04-16 07:07:33,-0.87,14.82,77.81,76,35,3.47
279,Mikuni,JP,2020-04-16 07:07:34,36.22,136.15,59.0,51,20,18.34
280,Santa Helena De Goias,BR,2020-04-16 07:07:34,-17.81,-50.6,65.34,75,100,4.23
281,Mormugao,IN,2020-04-16 07:07:34,15.4,73.8,91.2,51,69,7.05
282,Mahuva,IN,2020-04-16 07:07:34,21.09,71.76,92.79,34,0,3.22
283,Yuanping,CN,2020-04-16 07:07:35,38.72,112.76,60.4,21,0,26.46
284,Sao Joao Da Barra,BR,2020-04-16 07:07:35,-21.64,-41.05,73.99,90,100,8.99
285,Mago,RU,2020-04-16 07:07:35,53.25,140.18,47.88,52,0,7.34
286,Orikhiv,UA,2020-04-16 07:07:36,47.57,35.79,46.99,65,32,11.18
287,Waingapu,ID,2020-04-16 07:07:36,-9.66,120.26,84.88,73,88,7.2
288,Raudeberg,NO,2020-04-16 07:07:36,61.99,5.14,41.0,75,40,20.8
289,Isiro,CD,2020-04-16 07:07:36,2.77,27.62,78.01,52,45,2.51
290,Ossora,RU,2020-04-16 07:07:37,59.24,163.07,28.99,97,74,4.41
291,Codrington,AU,2020-04-16 07:07:39,-38.27,141.97,58.75,58,69,17.05
292,Terrace Bay,CA,2020-04-16 07:07:39,48.78,-87.1,22.78,91,52,11.99
293,Ancud,CL,2020-04-16 07:07:39,-41.87,-73.82,53.6,100,90,14.99
294,Tutoia,BR,2020-04-16 07:07:40,-2.76,-42.27,77.29,87,99,7.05
295,Cabo San Lucas,MX,2020-04-16 07:02:53,22.89,-109.91,66.99,58,89,6.82
296,Charters Towers,AU,2020-04-16 07:07:40,-20.1,146.27,84.81,44,15,10.16
297,Nago,JP,2020-04-16 07:07:41,26.59,127.98,73.4,43,1,11.41
298,San Carlos De Bariloche,AR,2020-04-16 07:07:41,-41.15,-71.31,51.8,93,90,1.12
299,Phan Thiet,VN,2020-04-16 07:07:41,10.93,108.1,89.19,54,93,15.14
300,Bandarbeyla,SO,2020-04-16 07:07:42,9.49,50.81,84.15,65,27,6.91
301,Komsomolskiy,UZ,2020-04-16 07:07:42,40.43,71.72,60.8,50,17,4.7
302,Scarborough,GB,2020-04-16 07:07:42,54.28,-0.4,50.0,81,87,3.96
303,Sochi,RU,2020-04-16 07:03:51,43.6,39.73,48.2,81,90,6.71
304,Rantoul,US,2020-04-16 07:07:42,40.31,-88.16,30.99,68,1,4.5
305,Sawtell,AU,2020-04-16 07:07:43,-30.38,153.1,84.2,69,53,16.11
306,Husavik,IS,2020-04-16 07:07:43,66.04,-17.34,35.6,64,2,20.8
307,Bubaque,GW,2020-04-16 07:07:43,11.28,-15.83,79.75,54,87,10.6
308,Laramie,US,2020-04-16 07:07:45,41.31,-105.59,26.6,85,90,11.41
309,Semme,FR,2020-04-16 07:07:45,46.2,1.5,57.0,66,87,6.93
310,Fairbanks,US,2020-04-16 07:06:22,64.84,-147.72,46.4,70,90,5.82
311,Bambous Virieux,MU,2020-04-16 07:07:46,-20.34,57.76,82.4,65,75,16.11
312,Mandalgovi,MN,2020-04-16 07:07:46,45.76,106.27,49.86,25,0,10.58
313,Sibolga,ID,2020-04-16 07:07:46,1.74,98.78,85.96,70,74,3.06
314,Evensk,RU,2020-04-16 07:07:47,61.95,159.23,22.1,92,0,2.93
315,Verkhoyansk,RU,2020-04-16 07:07:47,67.54,133.38,7.3,87,100,16.17
316,Hobyo,SO,2020-04-16 07:07:47,5.35,48.53,87.42,65,14,11.5
317,Areosa,PT,2020-04-16 07:07:48,41.72,-8.86,57.99,71,40,8.05
318,Lasa,IT,2020-04-16 07:07:48,46.62,10.7,48.0,92,5,2.64
319,Narsaq,GL,2020-04-16 07:07:57,60.92,-46.05,32.0,97,90,9.17
320,Sorland,NO,2020-04-16 07:07:57,67.67,12.69,35.6,74,75,13.87
321,Ostrovnoy,RU,2020-04-16 07:07:49,68.05,39.51,34.23,90,100,18.57
322,Nortelandia,BR,2020-04-16 07:05:58,-14.45,-56.8,68.59,79,52,5.46
323,Winnemucca,US,2020-04-16 07:04:38,40.97,-117.74,50.0,37,90,11.41
324,Brownwood,US,2020-04-16 07:07:58,31.71,-98.99,51.8,76,75,5.82
325,Grafton,US,2020-04-16 07:07:58,42.21,-71.69,37.99,40,90,8.05
326,Russell,US,2020-04-16 07:07:59,32.35,-85.2,51.8,87,1,7.76
327,Axim,GH,2020-04-16 07:07:59,4.87,-2.24,80.83,84,75,6.82
328,Tautira,PF,2020-04-16 07:07:52,-17.73,-149.15,82.4,69,75,4.7
329,Guerrero Negro,MX,2020-04-16 07:06:37,27.98,-114.06,64.67,59,0,12.19
330,Conakry,GN,2020-04-16 07:08:00,9.54,-13.68,77.0,88,75,11.41
331,Vostok,RU,2020-04-16 07:08:00,46.49,135.88,49.21,33,5,6.6
332,Katsuura,JP,2020-04-16 07:08:00,35.13,140.3,62.01,71,75,18.34
333,Roald,NO,2020-04-16 07:08:00,62.58,6.13,39.99,86,75,6.93
334,Talcahuano,CL,2020-04-16 07:08:01,-36.72,-73.12,57.2,93,39,1.12
335,Naco,MX,2020-04-16 07:08:01,31.33,-109.95,55.4,19,1,10.29
336,Holme,DK,2020-04-16 07:08:01,56.11,10.17,48.2,70,70,20.8
337,Pitimbu,BR,2020-04-16 07:08:01,-7.47,-34.81,75.2,100,40,4.7
338,Jiazi,CN,2020-04-16 07:08:02,22.88,116.07,77.74,49,87,9.19
339,Atherton,GB,2020-04-16 07:08:02,53.52,-2.49,52.0,70,29,3.36
340,Camacha,PT,2020-04-16 07:08:02,33.08,-16.33,62.6,67,20,16.11
341,Eganville,CA,2020-04-16 07:08:03,45.53,-77.1,27.0,68,1,4.7
342,Rjukan,NO,2020-04-16 07:08:03,59.88,8.59,26.01,90,0,25.99
343,Tanout,NE,2020-04-16 07:08:03,14.97,8.89,76.98,14,23,9.66
344,Adre,TD,2020-04-16 07:08:03,13.47,22.2,72.93,12,0,20.09
345,Alice Springs,AU,2020-04-16 07:06:40,-23.7,133.88,96.8,9,44,11.41
346,San Blas,MX,2020-04-16 07:08:04,21.52,-105.27,71.51,47,15,4.74
347,Kununurra,AU,2020-04-16 07:08:04,-15.77,128.73,96.8,28,100,9.17
348,Broken Hill,AU,2020-04-16 07:08:04,-31.95,141.43,82.4,23,29,16.11
349,Santo Antonio Do Leverger,BR,2020-04-16 07:08:04,-15.87,-56.08,73.4,78,40,9.17
350,Beyneu,KZ,2020-04-16 07:08:05,45.32,55.2,63.1,29,7,21.63
351,Drexel Heights,US,2020-04-16 07:08:05,32.14,-111.03,60.01,18,1,4.7
352,Lebu,CL,2020-04-16 07:08:05,-37.62,-73.65,54.3,87,69,7.78
353,Deputatskiy,RU,2020-04-16 07:08:06,69.3,139.9,-0.36,86,100,8.57
354,Balkanabat,TM,2020-04-16 07:08:06,39.51,54.37,73.15,23,0,10.54
355,Lata,PT,2020-04-16 07:06:12,40.16,-8.33,57.2,82,40,13.87
356,Campo Maior,BR,2020-04-16 07:08:06,-4.83,-42.17,72.0,93,100,4.21
357,Moshkovo,RU,2020-04-16 07:08:07,55.31,83.61,51.8,34,40,22.37
358,The Valley,AI,2020-04-16 07:08:07,18.22,-63.06,79.0,74,20,6.93
359,Vila Do Maio,CV,2020-04-16 07:08:07,15.13,-23.22,69.8,73,20,14.99
360,Saint Anthony,US,2020-04-16 07:04:44,45.02,-93.22,28.99,63,1,9.17
361,Kampot,KH,2020-04-16 07:08:08,10.62,104.18,86.0,79,40,5.82
362,Pio Ix,BR,2020-04-16 07:08:08,-6.84,-40.58,67.35,84,84,3.02
363,Vondrozo,MG,2020-04-16 07:08:09,-22.82,47.28,69.19,80,78,4.43
364,Jiangyou,CN,2020-04-16 07:08:09,31.77,104.72,82.4,32,16,5.77
365,Redcar,GB,2020-04-16 07:08:09,54.62,-1.06,48.99,87,90,10.29
366,Poronaysk,RU,2020-04-16 07:08:09,49.22,143.12,35.92,81,25,10.85
367,Dingzhou,CN,2020-04-16 07:06:07,38.51,115.0,71.6,21,29,13.42
368,Lae,PG,2020-04-16 07:08:10,-6.72,146.98,86.0,62,40,14.99
369,Barra,BR,2020-04-16 07:08:10,-11.09,-43.14,71.85,81,100,5.17
370,Kurumkan,RU,2020-04-16 07:08:11,54.3,110.3,55.0,31,0,3.62
371,Machilipatnam,IN,2020-04-16 07:08:12,16.17,81.13,96.8,50,0,3.36
372,Awbari,LY,2020-04-16 07:08:12,26.59,12.78,77.45,27,95,12.08
373,Kifri,IQ,2020-04-16 07:08:12,34.7,44.97,73.67,23,3,4.61
374,Sulangan,PH,2020-04-16 07:08:12,11.14,123.72,87.1,61,55,4.45
375,Laukaa,RU,2020-04-16 07:08:13,58.74,29.85,32.81,94,95,9.55
376,Gueugnon,FR,2020-04-16 07:08:13,46.6,4.06,50.0,66,80,3.36
377,Kavaratti,IN,2020-04-16 07:08:13,10.57,72.64,91.4,63,20,4.7
378,Jacqueville,CI,2020-04-16 07:08:13,5.21,-4.41,80.6,83,20,3.36
379,Hanmer Springs,NZ,2020-04-16 07:08:14,-42.52,172.82,47.62,56,67,4.9
380,Maningrida,AU,2020-04-16 07:08:14,-12.07,134.27,87.26,62,85,9.84
381,Warren,US,2020-04-16 07:08:14,39.43,-84.17,30.99,100,1,3.51
382,Nantucket,US,2020-04-16 07:08:14,41.28,-70.1,39.0,59,1,4.7
383,Yaizu,JP,2020-04-16 07:08:15,34.87,138.33,66.0,55,75,12.75
384,Herat,AF,2020-04-16 07:08:15,34.5,62.0,60.8,72,40,4.7
385,Wahpeton,US,2020-04-16 07:08:15,46.27,-96.61,28.4,85,9,5.82
386,Sucua,EC,2020-04-16 07:08:15,-2.47,-78.17,67.98,55,84,2.75
387,Saint-Joseph,RE,2020-04-16 07:08:11,-21.37,55.62,82.4,61,1,24.16
388,Shamary,RU,2020-04-16 07:08:16,57.34,58.22,44.1,70,100,14.58
389,Saint-Felicien,CA,2020-04-16 07:08:16,48.65,-72.45,24.01,49,40,6.93
390,Atar,MR,2020-04-16 07:08:17,20.52,-13.05,68.07,23,13,6.13
391,Vredendal,ZA,2020-04-16 07:08:17,-31.67,18.5,59.47,78,0,3.13
392,Santa Rosa,PH,2020-04-16 07:08:18,14.31,121.11,95.0,47,20,4.7
393,Ginir,ET,2020-04-16 07:08:18,7.13,40.7,67.46,46,90,1.79
394,Sao Filipe,CV,2020-04-16 07:08:18,14.9,-24.5,71.28,75,71,11.36
395,Kaitangata,NZ,2020-04-16 07:08:18,-46.28,169.85,51.01,65,32,17.0
396,Bamboo,JM,2020-04-16 07:08:19,18.39,-77.26,71.01,97,4,1.77
397,La Paz,BO,2020-04-16 07:07:26,-16.5,-68.15,37.4,93,40,6.93
398,Muroto,JP,2020-04-16 07:08:19,33.28,134.15,66.2,55,20,5.82
399,Inirida,CO,2020-04-16 07:08:20,3.87,-67.92,73.83,72,55,1.3
400,Bintulu,MY,2020-04-16 07:08:20,3.17,113.03,89.6,75,75,8.05
401,Portland,US,2020-04-16 07:05:34,45.52,-122.68,55.4,66,75,4.7
402,Colorado Springs,US,2020-04-16 07:04:04,38.83,-104.82,39.0,69,90,3.36
403,La Asuncion,VE,2020-04-16 07:08:21,11.03,-63.86,78.8,83,55,11.41
404,Rio Grande,BR,2020-04-16 07:08:21,-32.03,-52.1,57.0,83,22,1.01
405,Laguna,US,2020-04-16 07:08:22,38.42,-121.42,63.0,63,1,3.36
406,Hermiston,US,2020-04-16 07:08:22,45.84,-119.29,51.8,50,75,8.05
407,Sitka,US,2020-04-16 07:08:22,57.05,-135.33,44.6,93,90,2.73
408,Nyurba,RU,2020-04-16 07:08:23,63.28,118.33,24.26,85,87,8.21
409,Boa Vista,BR,2020-04-16 07:08:23,2.82,-60.67,82.4,61,64,5.82
410,Brownsville,US,2020-04-16 07:08:23,25.9,-97.5,68.0,77,1,4.7
411,San Patricio,MX,2020-04-16 07:08:23,19.22,-104.7,71.83,59,41,3.18
412,Mount Gambier,AU,2020-04-16 07:08:24,-37.83,140.77,62.6,51,40,19.46
413,Sinjar,IQ,2020-04-16 07:08:24,36.32,41.88,64.69,37,100,7.34
414,Lompoc,US,2020-04-16 07:08:24,34.64,-120.46,57.2,87,90,3.36
415,Khuzdar,PK,2020-04-16 07:08:24,27.74,66.64,77.85,17,97,4.5
416,Pangody,RU,2020-04-16 07:08:25,65.85,74.49,20.68,92,0,10.22
417,Agadir,MA,2020-04-16 07:08:25,30.42,-9.6,57.2,93,90,5.82
418,Grand Gaube,MU,2020-04-16 07:08:25,-20.01,57.66,82.4,65,75,16.11
419,Tarakan,ID,2020-04-16 07:08:26,3.3,117.63,83.32,68,88,7.87
420,Lyuban,BY,2020-04-16 07:08:26,52.8,28.0,44.55,75,96,21.14
421,Menongue,AO,2020-04-16 07:08:26,-14.66,17.69,65.77,54,54,2.28
422,Zaraza,VE,2020-04-16 07:08:26,9.35,-65.32,76.62,76,96,7.99
423,Kendari,ID,2020-04-16 07:08:26,-3.94,122.5,84.6,66,74,5.41
424,Zhigansk,RU,2020-04-16 07:08:27,66.77,123.37,11.23,90,26,23.55
425,Dvinskoy,RU,2020-04-16 07:08:27,62.15,45.12,38.71,94,100,10.47
426,Eenhana,NA,2020-04-16 07:08:27,-17.47,16.33,71.6,73,2,1.12
427,Port-Gentil,GA,2020-04-16 07:08:27,-0.72,8.78,82.81,80,100,5.01
428,Anloga,GH,2020-04-16 07:07:11,5.79,0.9,82.4,88,20,9.17
429,Shakhovskaya,RU,2020-04-16 07:08:28,56.03,35.51,35.65,85,99,14.76
430,Mucuri,BR,2020-04-16 07:08:28,-18.09,-39.55,75.76,90,99,1.63
431,Davidson,US,2020-04-16 07:04:42,36.15,-86.78,43.0,60,1,6.93
432,Zyryanka,RU,2020-04-16 07:08:29,65.75,150.85,7.36,94,100,17.78
433,Mount Isa,AU,2020-04-16 07:08:29,-20.73,139.5,95.0,21,75,5.82
434,Kendal,GB,2020-04-16 07:08:29,54.33,-2.75,50.0,81,78,8.05
435,Salalah,OM,2020-04-16 07:08:29,17.02,54.09,84.2,70,75,8.05
436,Hatillo,PR,2020-04-16 07:08:29,18.49,-66.83,75.99,100,8,9.22
437,Adrar,MR,2020-04-16 07:08:30,20.5,-10.07,78.75,45,72,10.56
438,Martinopolis,BR,2020-04-16 07:08:30,-22.15,-51.17,52.47,63,0,4.07
439,Jaguariuna,BR,2020-04-16 07:08:30,-22.71,-46.99,66.0,82,40,0.31
440,Itarema,BR,2020-04-16 07:08:31,-2.92,-39.92,76.1,86,99,2.93
441,Freeport,US,2020-04-16 07:08:08,40.66,-73.58,48.2,49,75,19.46
442,Leh,IN,2020-04-16 07:08:31,34.17,77.58,40.44,14,57,2.28
443,Tabriz,IR,2020-04-16 07:08:31,38.08,46.29,57.2,33,11,4.7
444,Antalaha,MG,2020-04-16 07:08:32,-14.9,50.28,81.66,71,17,9.57
445,Tyret Pervaya,RU,2020-04-16 07:08:32,53.67,102.31,59.45,27,11,3.94
446,Jimeta,NG,2020-04-16 07:08:32,9.28,12.47,85.46,17,27,1.07
447,Smolenka,RU,2020-04-16 07:08:33,52.14,113.5,57.2,19,40,6.71
448,Oranjemund,NA,2020-04-16 07:07:48,-28.55,16.43,56.26,83,1,5.37
449,Taylorville,US,2020-04-16 07:08:33,39.55,-89.29,30.99,79,1,5.68
450,Lazaro Cardenas,MX,2020-04-16 07:06:39,17.96,-102.2,70.81,76,8,2.42
451,Chiang Rai,TH,2020-04-16 07:08:34,19.91,99.83,89.6,49,20,5.82
452,Erzin,TR,2020-04-16 07:08:34,36.96,36.2,68.0,63,40,2.24
453,Aasiaat,GL,2020-04-16 07:08:35,68.71,-52.87,25.29,98,100,5.46
454,Bamenda,CM,2020-04-16 07:08:35,5.95,10.16,68.76,55,91,0.69
455,Aklavik,CA,2020-04-16 07:08:36,68.22,-135.01,37.4,64,90,9.17
456,Santa Isabel,BR,2020-04-16 07:08:36,-23.32,-46.22,62.6,93,40,1.12
457,Quarai,BR,2020-04-16 07:08:36,-30.39,-56.45,48.79,83,0,5.79
458,Mabai,CN,2020-04-16 07:05:07,23.01,104.45,72.01,43,67,7.16
459,Richards Bay,ZA,2020-04-16 07:08:37,-28.78,32.04,71.01,77,71,2.53
460,Santa Cruz,BO,2020-04-16 07:08:37,-17.8,-63.17,71.6,56,75,5.82
461,Ewa Beach,US,2020-04-16 07:08:37,21.32,-158.01,78.8,65,75,9.17
462,Houma,US,2020-04-16 07:08:38,29.6,-90.72,62.6,71,1,5.82
463,Aswan,EG,2020-04-16 07:08:38,24.09,32.91,75.2,23,0,5.82
464,Chapais,CA,2020-04-16 07:08:38,49.78,-74.85,5.0,84,1,4.7
465,Mocuba,MZ,2020-04-16 07:08:38,-16.84,36.99,79.7,69,19,3.33
466,Isla Vista,US,2020-04-16 07:08:38,34.41,-119.86,59.0,93,1,3.36
467,Zdvinsk,RU,2020-04-16 07:08:39,54.7,78.66,46.2,62,19,10.25
468,Teruel,ES,2020-04-16 07:08:39,40.67,-0.67,50.0,100,40,5.82
469,Digby,CA,2020-04-16 07:07:00,44.62,-65.77,37.99,59,56,14.0
470,Kumba,CM,2020-04-16 07:08:40,4.64,9.45,75.7,86,79,0.83
471,Khani,GE,2020-04-16 07:08:40,41.96,42.96,55.4,87,90,2.24
472,Saint-Francois,FR,2020-04-16 07:03:56,46.42,3.91,50.0,66,86,3.36
473,Alta Floresta,BR,2020-04-16 07:08:40,-9.88,-56.09,69.75,91,100,1.81
474,Kedougou,SN,2020-04-16 07:08:41,12.56,-12.17,86.0,58,20,4.7
475,Sakakah,SA,2020-04-16 07:08:41,29.97,40.21,68.0,40,13,8.05
476,Mayo,US,2020-04-16 07:08:41,38.89,-76.51,46.99,52,40,3.36
477,Cedral,MX,2020-04-16 07:08:42,23.8,-100.73,59.74,45,13,13.98
478,Northam,GB,2020-04-16 07:08:42,51.03,-4.22,51.01,74,67,3.0
479,Port Blair,IN,2020-04-16 07:07:12,11.67,92.75,83.84,72,87,2.48
480,Sharjah,AE,2020-04-16 07:05:48,25.36,55.4,78.8,69,20,3.36
481,Rethimnon,GR,2020-04-16 07:04:31,35.36,24.47,59.0,66,75,10.29
482,Moron,AR,2020-04-16 07:08:43,-34.65,-58.62,55.4,93,6,2.24
483,Imbituba,BR,2020-04-16 07:08:44,-28.24,-48.67,59.0,62,0,5.82
484,Eskil,TR,2020-04-16 07:08:44,38.4,33.41,51.31,50,58,4.59
485,Samarai,PG,2020-04-16 07:08:44,-10.62,150.67,83.62,74,80,7.96
486,Merke,KZ,2020-04-16 07:08:45,42.87,73.18,49.59,48,96,1.1
487,Havre-Saint-Pierre,CA,2020-04-16 07:08:45,50.23,-63.6,28.4,86,40,6.93
488,Stornoway,GB,2020-04-16 07:08:45,58.21,-6.39,45.0,87,90,4.7
489,Kanniyakumari,IN,2020-04-16 07:08:45,8.08,77.57,86.43,63,29,4.76
490,Maniitsoq,GL,2020-04-16 07:08:46,65.42,-52.9,28.09,97,100,16.6
491,Japura,ID,2020-04-16 07:08:47,-0.32,102.35,87.33,69,91,4.03
492,Mayskiy,RU,2020-04-16 07:08:47,47.69,40.1,46.4,55,20,17.9
493,Blyth,GB,2020-04-16 07:08:47,55.13,-1.51,48.0,93,65,3.36
494,Paita,PE,2020-04-16 07:08:48,-5.09,-81.11,74.44,71,92,10.51
495,Poltavka,RU,2020-04-16 07:08:48,54.37,71.76,57.52,43,32,14.94
496,Shelburne,CA,2020-04-16 07:08:48,44.08,-80.2,27.0,73,1,3.36
497,Bathsheba,BB,2020-04-16 07:08:49,13.22,-59.52,77.0,78,40,16.11
498,Baruun-Urt,MN,2020-04-16 07:08:49,46.68,113.28,51.17,30,57,19.04
499,Yatou,CN,2020-04-16 07:05:05,37.15,122.38,51.94,84,100,17.94
500,Hambantota,LK,2020-04-16 07:08:49,6.12,81.12,89.6,70,75,8.05
501,Awjilah,LY,2020-04-16 07:08:50,29.11,21.29,72.75,36,73,11.81
502,Petropavlovka,RU,2020-04-16 07:08:50,50.61,105.32,59.5,23,0,2.91
503,Pinerovka,RU,2020-04-16 07:08:50,51.56,43.07,43.0,68,100,10.0
504,Labrea,BR,2020-04-16 07:08:51,-7.26,-64.8,72.88,95,88,2.04
505,Aars,DK,2020-04-16 07:08:51,56.8,9.51,48.99,76,46,17.22
506,Zlobin,HR,2020-04-16 07:08:51,45.29,14.65,57.0,50,60,4.7
507,Mohnesee,DE,2020-04-16 07:08:51,51.5,8.13,53.6,50,52,2.24
508,Karasjok,NO,2020-04-16 07:08:52,69.47,25.51,33.8,69,40,19.46
509,Puerto Narino,CO,2020-04-16 07:08:52,-3.77,-70.38,75.2,100,40,2.98
510,Kapuskasing,CA,2020-04-16 07:08:52,49.42,-82.43,15.8,72,5,9.17
511,Synya,RU,2020-04-16 07:08:53,65.37,58.04,41.16,71,54,9.89
512,Wanparti,IN,2020-04-16 07:08:53,16.37,78.07,99.03,13,0,8.68
513,Hasaki,JP,2020-04-16 07:08:54,35.73,140.83,54.0,62,75,12.75
514,Harper,LR,2020-04-16 07:08:54,4.38,-7.72,78.8,87,89,1.19
515,Bodden Town,KY,2020-04-16 07:08:54,19.28,-81.25,81.0,76,10,3.0
516,Lundazi,ZM,2020-04-16 07:08:54,-12.29,33.18,70.54,58,54,7.99
517,Querecotillo,PE,2020-04-16 07:08:55,-4.84,-80.65,77.49,66,100,6.26
518,Senanga,ZM,2020-04-16 07:08:56,-16.12,23.27,71.51,52,18,4.72
519,Sabang,ID,2020-04-16 07:08:56,5.89,95.32,84.76,70,17,3.98
520,Faanui,PF,2020-04-16 07:06:10,-16.48,-151.75,83.91,66,42,6.17
521,Fort Nelson,CA,2020-04-16 07:08:57,58.81,-122.7,37.4,59,5,5.82
522,Safford,US,2020-04-16 07:08:58,32.83,-109.71,55.99,19,1,10.29
523,Fare,PF,2020-04-16 07:08:58,-16.7,-151.02,84.09,64,67,4.23
524,Shimanovsk,RU,2020-04-16 07:08:58,52.0,127.7,57.92,30,0,5.95
525,Mareeba,AU,2020-04-16 07:08:59,-17.0,145.43,81.0,78,75,6.93
526,Obzor,BG,2020-04-16 07:08:59,42.82,27.88,51.8,70,0,8.05
527,Sisimiut,GL,2020-04-16 07:09:00,66.94,-53.67,26.29,91,72,9.4
528,Vila Velha,BR,2020-04-16 07:08:39,-20.33,-40.29,75.99,88,97,2.24
529,Ribeira Brava,PT,2020-04-16 07:09:01,32.65,-17.07,60.8,67,40,8.05
530,Terre Haute,US,2020-04-16 07:09:02,39.47,-87.41,30.99,68,1,3.22
531,Matam,SN,2020-04-16 07:09:04,15.62,-13.33,83.52,16,82,10.2
532,Namibe,AO,2020-04-16 07:09:06,-15.2,12.15,75.7,66,19,2.64
533,Rockhampton,AU,2020-04-16 07:09:07,-23.38,150.5,82.4,51,34,6.93
534,Tinogboc,PH,2020-04-16 07:09:10,12.01,121.41,83.21,76,41,15.7
535,Nuuk,GL,2020-04-16 07:09:10,64.18,-51.72,30.2,74,97,18.34
536,Sinnamary,GF,2020-04-16 07:09:11,5.38,-52.95,78.01,81,9,9.28
537,Choix,MX,2020-04-16 07:09:11,26.71,-108.32,70.97,31,74,2.08
538,Blackwater,AU,2020-04-16 07:09:12,-23.58,148.88,83.43,33,0,5.97
539,Luba,GQ,2020-04-16 07:09:12,3.46,8.55,80.6,100,20,3.36
540,Redmond,US,2020-04-16 07:08:06,47.67,-122.12,57.2,57,1,2.3
541,Saint George,US,2020-04-16 07:08:36,37.1,-113.58,55.4,32,1,5.82
542,Gat,IL,2020-04-16 07:07:03,31.61,34.76,77.0,44,1,10.29
543,Chalmette,US,2020-04-16 07:09:13,29.94,-89.96,62.6,41,1,4.7
544,Lamu,KE,2020-04-16 07:09:13,-2.27,40.9,83.41,80,88,12.39
545,Kutina,HR,2020-04-16 07:09:14,45.48,16.78,42.8,70,55,2.24
546,Valkeala,FI,2020-04-16 07:09:14,60.94,26.8,35.01,93,90,6.93
547,Shubarkuduk,KZ,2020-04-16 07:09:14,49.14,56.49,56.08,36,97,25.01
548,Balti,MD,2020-04-16 07:09:16,47.76,27.93,53.6,32,75,12.75
549,Baoro,CF,2020-04-16 07:09:17,5.67,15.97,75.15,61,51,1.39
550,Verkhnyaya Inta,RU,2020-04-16 07:09:17,65.98,60.31,37.54,74,100,22.57
551,Golden,US,2020-04-16 07:07:49,39.76,-105.22,36.0,48,90,3.36
552,Chokwe,MZ,2020-04-16 07:09:18,-24.53,32.98,73.98,86,44,3.89
553,Ust-Tsilma,RU,2020-04-16 07:09:18,65.44,52.15,38.14,77,85,14.65
554,Kalaleh,IR,2020-04-16 07:09:18,37.38,55.49,75.2,53,0,5.68
555,Billings,US,2020-04-16 07:06:39,45.78,-108.5,26.6,79,20,5.82
556,Gigmoto,PH,2020-04-16 07:09:19,13.78,124.39,82.62,78,93,7.47
557,Gbarnga,LR,2020-04-16 07:09:19,7.0,-9.47,73.33,89,55,1.16
558,Prince Rupert,CA,2020-04-16 07:09:19,54.32,-130.32,42.8,100,90,3.36
559,Kalmunai,LK,2020-04-16 07:09:19,7.42,81.82,88.92,56,45,4.92
560,Araguacu,BR,2020-04-16 07:09:20,-12.93,-49.83,70.05,88,99,3.74
561,Truro,GB,2020-04-16 07:09:20,50.27,-5.05,54.0,58,86,11.41
562,Hay River,CA,2020-04-16 07:09:20,60.82,-115.8,30.2,68,20,6.93
563,Tipuani,BO,2020-04-16 07:09:20,-15.56,-68.02,67.93,57,69,0.34
564,Muscat,OM,2020-04-16 07:09:16,23.61,58.59,84.2,58,75,11.41
565,Aksum,ET,2020-04-16 07:09:21,14.12,38.72,71.65,18,22,3.15
566,Okha,RU,2020-04-16 07:09:21,53.57,142.95,38.93,74,3,9.42
567,Katima Mulilo,NA,2020-04-16 07:09:21,-17.5,24.27,69.8,73,7,4.7
568,Temnikov,RU,2020-04-16 07:09:22,54.63,43.21,36.14,87,95,14.83
569,San Julian,MX,2020-04-16 07:09:22,21.02,-102.17,62.82,17,10,6.98
570,Urusha,RU,2020-04-16 07:09:23,54.05,122.9,55.08,31,0,3.94
571,Urucara,BR,2020-04-16 07:09:23,-2.54,-57.76,71.49,96,100,2.62
572,Umba,RU,2020-04-16 07:09:23,66.69,34.34,30.94,99,100,16.24
573,Brunswick,US,2020-04-16 07:09:22,41.24,-81.84,34.0,87,90,9.17
574,Poya,NC,2020-04-16 07:09:24,-21.35,165.15,76.87,78,30,13.53
